name,id,class,platforms,permissions
Container and Resource Discovery,attack-pattern--0470e792-32f8-46b0-a351-652bc35e9336,CF,Containers,
Container Orchestration Job,attack-pattern--1126cab1-c700-412f-a510-61f4937bb096,CF,Containers,
Additional Container Cluster Roles,attack-pattern--35d30338-5bfa-41b0-a170-ec06dfd75f64,CF,Containers,
Systemctl,attack-pattern--4b46767d-4a61-4f30-995e-c19a75c2e536,CF,Linux,
Overwrite Process Arguments,attack-pattern--514dc7b3-0b80-4382-80a9-2e2d294f5019,CF,Linux,
Disable or Modify Linux Audit System,attack-pattern--562e9b64-7239-493d-80f4-2bff900d9054,CF,Linux,
Deploy Container,attack-pattern--56e0d8b8-3e25-49dd-9050-3aa252f5aa92,CF,Containers,
Bind Mounts,attack-pattern--5bd41255-a224-4425-a2e2-e9d293eafe1c,CF,Linux,
Container Administration Command,attack-pattern--7b50a1d3-4ca7-45d1-989d-a6503f04bfe1,CF,Containers,
Build Image on Host,attack-pattern--800f9819-7007-4540-a520-40e655876800,CF,Containers,
Systemd Timers,attack-pattern--a542bac9-7bc1-4da7-9a09-96f69e23cc21,CF,Linux,
Container Service,attack-pattern--b0e54bf7-835e-4f44-bd8e-62f431b9b76a,CF,Containers,
Container CLI/API,attack-pattern--c283d88f-8c23-4318-9da5-3d50cecad756,CF,Containers,
/etc/passwd and /etc/shadow,attack-pattern--d0b4fcdb-d67d-4ed2-99ce-788b12f8c0f4,CF,Linux,
Proc Memory,attack-pattern--d201d4cc-214d-4a74-a1ba-b3fa09fd4591,CF,Linux,
Systemd Service,attack-pattern--dfefe2ed-4389-4318-8762-f0272b350a1b,CF,Linux,
XDG Autostart Entries,attack-pattern--e0232cb0-ded5-4c2e-9dc7-2893142a5c11,CF,Linux,
Ptrace System Calls,attack-pattern--ea016b56-ae0e-47fe-967a-cc0ad51af67f,CF,Linux,
Container API,attack-pattern--f8ef3a62-3f44-40a4-abca-761ab235c436,CF,Containers,
Extra Window Memory Injection,attack-pattern--0042a9f5-f053-4769-b3ef-9ad018dfa298,VMR,Windows,
Scheduled Task,attack-pattern--005a06c6-14bf-4118-afa0-ebcd8aebb0c9,VMR,Windows,
Socket Filters,attack-pattern--005cc321-08ce-4d17-b1ea-cb5275926520,VMR,Linux;macOS;Windows,
Archive via Utility,attack-pattern--00f90846-cbd1-4fc5-9233-df5c2bf2a662,VMR,Linux;macOS;Windows,
Windows Management Instrumentation,attack-pattern--01a5a209-b94c-450b-b7f9-946497d91055,VMR,Windows,
Screen Capture,attack-pattern--0259baeb-9f63-4c69-bf10-eb038c390688,VMR,Linux;Windows;macOS,
Fileless Storage,attack-pattern--02c5abff-30bf-4703-ab92-1f6072fae939,VMR,Windows;Linux,
Boot or Logon Initialization Scripts,attack-pattern--03259939-0b57-482f-8eb5-87c0e0d54334,VMR,macOS;Windows;Linux;Network Devices;ESXi,
Adversary-in-the-Middle,attack-pattern--035bb001-ab69-4a0b-9f6c-2de8b09e1b9d,VMR,Linux;macOS;Network Devices;Windows,
System Owner/User Discovery,attack-pattern--03d7999c-1f4c-42cc-8373-e7690d318104,VMR,Linux;macOS;Network Devices;Windows,
Acquire Infrastructure,attack-pattern--0458aab9-ad42-4eac-9e22-706a95bafee2,VMR,PRE,
Rundll32,attack-pattern--045d0922-2310-4e60-b5e4-3302302cb3c5,VMR,Windows,
Serverless,attack-pattern--04a5a8ab-3bc8-4c83-95c9-55274a89786d,VMR,PRE,
Standard Encoding,attack-pattern--04fd5427-79c7-44ea-ae13-11b24778ff1c,VMR,ESXi;Linux;Windows;macOS,
Embedded Payloads,attack-pattern--0533ab23-3f7d-463f-9bd8-634d27e4dee1,VMR,Linux;macOS;Windows,
Pluggable Authentication Modules,attack-pattern--06c00069-771a-4d57-8ef5-d3718c1a8771,VMR,Linux;macOS,
Gather Victim Host Information,attack-pattern--09312b1a-c3c6-4b45-9844-3ccc78e5d82f,VMR,PRE,
Digital Certificates,attack-pattern--0979abf9-4e26-43ec-9b6e-54efc4e70fca,VMR,PRE,
Keylogging,attack-pattern--09a60ea3-a8d1-4ae5-976e-5783248b72a4,VMR,Linux;macOS;Network Devices;Windows,
File/Path Exclusions,attack-pattern--09b008a9-b4eb-462a-a751-a0eb58050cd9,VMR,Linux;macOS;Windows,
Linux and Mac File and Directory Permissions Modification,attack-pattern--09b130a2-a77e-4af0-a361-f46f9aad1345,VMR,macOS;Linux,
PubPrn,attack-pattern--09cd431f-eaf4-4d2a-acaf-2a7acfe7ed58,VMR,Windows,
Purchase Technical Data,attack-pattern--0a241b6c-7bb2-48f9-98f7-128145b4d27f,VMR,PRE,
OS Credential Dumping,attack-pattern--0a3ead4e-6d47-4ccb-854c-a6a4f9d96b22,VMR,Linux;macOS;Windows,
Shared Modules,attack-pattern--0a5231ec-41af-4a35-83d0-6bdf11f28c65,VMR,Linux;macOS;Windows,
Data from Configuration Repository,attack-pattern--0ad7bc5c-235a-4048-944b-3b286676cb74,VMR,Network Devices,
Disk Structure Wipe,attack-pattern--0af0ca99-357d-4ba1-805f-674fdfb7bef9,VMR,Linux;macOS;Windows;Network Devices,
Path Interception by PATH Environment Variable,attack-pattern--0c2d00da-7742-49e7-9928-4514e5075d32,VMR,Windows;macOS;Linux,
Sharepoint,attack-pattern--0c4b4fda-9062-47da-98b9-ceae2dcf052a,VMR,Windows;Office Suite,
Direct Volume Access,attack-pattern--0c8ab3eb-df48-4b9c-ace7-beacaac81cc5,VMR,Network Devices;Windows,
Artificial Intelligence,attack-pattern--0cc222f5-c3ff-48e6-9f52-3314baf9d37e,VMR,PRE,
Email Hiding Rules,attack-pattern--0cf55441-b176-4332-89e7-2c4c7799d0ff,VMR,Windows;Linux;macOS;Office Suite,
Encrypted/Encoded File,attack-pattern--0d91b3c0-5e50-47c3-949a-2a796f04d144,VMR,Linux;macOS;Windows,
IP Addresses,attack-pattern--0dda99f0-4701-48ca-9774-8504922e92d3,VMR,PRE,
OS Exhaustion Flood,attack-pattern--0df05477-c572-4ed6-88a9-47c581f548f7,VMR,Linux;macOS;Windows,
Rootkit,attack-pattern--0f20e3cb-245b-4a61-8a91-2d93f7cb0e9b,VMR,Linux;macOS;Windows,
PowerShell Profile,attack-pattern--0f2c410d-d740-4ed9-abb1-b8f4a7faf6c3,VMR,Windows,
JavaScript,attack-pattern--0f4a0c76-ab2d-4cb0-85d3-3f0efb8cba0d,VMR,Linux;macOS;Windows,
DNS,attack-pattern--0ff59227-8aa8-4c09-bf1f-925605bd07ea,VMR,PRE,
Audio Capture,attack-pattern--1035cdf2-3e5f-446f-a7a7-e8f6d7925967,VMR,Linux;macOS;Windows,
Create or Modify System Process,attack-pattern--106c0cf6-bf73-4601-9aa8-0945c2715ec5,VMR,Windows;macOS;Linux;Containers,
External Remote Services,attack-pattern--10d51417-ee35-4589-b1ff-b6df1c334e8d,VMR,Containers;Linux;macOS;Windows,
LC_LOAD_DYLIB Addition,attack-pattern--10ff21b9-5a01-4268-a1b5-3b55015f1847,VMR,macOS,
Domain Generation Algorithms,attack-pattern--118f61a5-eb3e-4fb6-931f-2096647f4ecd,VMR,Linux;macOS;Windows;ESXi,
Double File Extension,attack-pattern--11f29a39-0942-4d62-92b6-fe236cf3066e,VMR,Windows,
Bypass User Account Control,attack-pattern--120d5519-3098-4e1c-9191-2aa61232f073,VMR,Windows,
Internet Connection Discovery,attack-pattern--132d5b37-aac5-4378-a8dc-3127b18a73dc,VMR,Windows;Linux;macOS;ESXi,
Sudo and Sudo Caching,attack-pattern--1365fe3b-0f50-455d-b4da-266ce31c23b0,VMR,Linux;macOS,
Archive via Custom Method,attack-pattern--143c0cbb-a297-4142-9624-87ffc778980b,VMR,Linux;macOS;Windows,
Network Devices,attack-pattern--149b477f-f364-4824-b1b5-aa1d56115869,VMR,PRE,
Malvertising,attack-pattern--155207c0-7f53-4f13-a06b-0a9907ef5096,VMR,PRE,
Email Collection,attack-pattern--1608f3e1-598a-42f4-a01a-2e252e81728f,VMR,Windows;macOS;Linux;Office Suite,
Security Account Manager,attack-pattern--1644e709-12d2-41e5-a60f-3470991f5011,VMR,Windows,
WHOIS,attack-pattern--166de1c6-2814-4fe5-8438-4e80f76b169f,VMR,PRE,
System Firmware,attack-pattern--16ab6452-c3c1-497c-a47d-206018ca1ada,VMR,Windows;Network Devices,
Search Victim-Owned Websites,attack-pattern--16cdd21f-da65-4e4f-bc04-dd7d198c7b26,VMR,PRE,
Services Registry Permissions Weakness,attack-pattern--17cc750b-e95b-4d7d-9dde-49e0de24148c,VMR,Windows,
DNS/Passive DNS,attack-pattern--17fd695c-b88c-455a-a3d1-43b6cb728532,VMR,PRE,
Compromise Software Dependencies and Development Tools,attack-pattern--191cc6af-1bb2-4344-ab5f-28e496638720,VMR,Linux;macOS;Windows,
Digital Certificates,attack-pattern--19401639-28d0-4c3c-adcc-bc2ba22f6421,VMR,PRE,
DNS Server,attack-pattern--197ef1b9-e764-46c3-b96c-23f77985dc81,VMR,PRE,
Disk Wipe,attack-pattern--1988cc35-ced8-4dad-b2d1-7628488fa967,VMR,Linux;macOS;Windows;Network Devices,
DNS,attack-pattern--1996eef1-ced3-4d7f-bf94-33298cabbf72,VMR,Linux;macOS;Windows;Network Devices;ESXi,
Securityd Memory,attack-pattern--1a80d097-54df-41d8-9d33-34e755ec5e72,VMR,Linux;macOS,
Group Policy Discovery,attack-pattern--1b20efbf-8063-4fc3-a07d-b575318a301b,VMR,Windows,
Bootkit,attack-pattern--1b7b1806-7746-41a1-a35d-e48dae25ddba,VMR,Linux;Windows,
Data from Removable Media,attack-pattern--1b7ba276-eedc-4951-a762-0ceea2c030ec,VMR,Linux;macOS;Windows,
Mavinject,attack-pattern--1bae753e-8e52-4055-a66d-2ead90303ca9,VMR,Windows,
Local Data Staging,attack-pattern--1c34f7aa-9341-4a48-bfab-af22e51aca6c,VMR,ESXi;Linux;macOS;Windows,
Match Legitimate Resource Name or Location,attack-pattern--1c4e5d32-1fe9-4116-9d9d-59e3925bd6a2,VMR,Containers;ESXi;Linux;macOS;Windows,
Digital Certificates,attack-pattern--1cec9319-743b-4840-bb65-431547bce82a,VMR,PRE,
Stored Data Manipulation,attack-pattern--1cfcb312-b8d7-47a4-b560-4b16cc677292,VMR,Linux;macOS;Windows,
Local Email Collection,attack-pattern--1e9eb839-294b-48cc-b0d3-c45555a2a004,VMR,Windows,
Keychain,attack-pattern--1eaebf46-e361-4437-bc23-d5d65a3b92e3,VMR,macOS,
Boot or Logon Autostart Execution,attack-pattern--1ecb2399-e8ba-4f6b-8ba7-5c27d49405cf,VMR,Linux;macOS;Windows;Network Devices,
LSA Secrets,attack-pattern--1ecfdab8-7d59-4c98-95d4-dc41970f57fc,VMR,Windows,
Weaken Encryption,attack-pattern--1f9012ef-1e10-4e48-915e-e03563435fe8,VMR,Network Devices,
Masquerade File Type,attack-pattern--208884f1-7b83-4473-ac22-4e1cf6c41471,VMR,Linux;macOS;Windows,
Malware,attack-pattern--212306d8-efa4-44c9-8c2d-ed3d2e224aa0,VMR,PRE,
Device Driver Discovery,attack-pattern--215d9700-5881-48b8-8265-6449dbb7195d,VMR,Linux;macOS;Windows,
Domain Account,attack-pattern--21875073-b0ee-49e3-9077-1e2a885359af,VMR,Linux;macOS;Windows,
Active Setup,attack-pattern--22522668-ddf6-470b-a027-9d6866679f67,VMR,Windows,
Hide Artifacts,attack-pattern--22905430-4901-4c2a-84f6-98243cb173f8,VMR,Linux;Office Suite;Windows;macOS;ESXi,
Dynamic Data Exchange,attack-pattern--232a7e42-cd6e-4902-8fe9-2960f529dd4d,VMR,Windows,
Malicious File,attack-pattern--232b7f21-adf9-4b42-b936-b9d6f7df856e,VMR,Linux;macOS;Windows,
Identify Business Tempo,attack-pattern--2339cf19-8f1e-48f7-8a91-0262ba547b6f,VMR,PRE,
Publish/Subscribe Protocols,attack-pattern--241f9ea8-f6ae-4f38-92f5-cef5b7e539dd,VMR,macOS;Linux;Windows;Network Devices,
Hardware,attack-pattern--24286c33-d4a4-4419-85c2-1d094a896c26,VMR,PRE,
Symmetric Cryptography,attack-pattern--24bfaeba-cb0d-4525-b3dc-507c77ecec41,VMR,ESXi;Linux;macOS;Network Devices;Windows,
Local Account,attack-pattern--25659dd6-ea12-45c4-97e6-381e3e4b593e,VMR,ESXi;Linux;macOS;Windows,
Social Media Accounts,attack-pattern--274770e0-2612-4ccf-a678-ef8e7bad365d,VMR,PRE,
Browser Extensions,attack-pattern--278716b1-61ce-4a74-8d17-891d0c494101,VMR,Linux;Windows;macOS,
Safe Mode Boot,attack-pattern--28170e17-8384-415c-8486-2e6b294cb803,VMR,Windows,
TFTP Boot,attack-pattern--28abec6c-4443-4b03-8206-07f2e264a6b4,VMR,Network Devices,
Windows Service,attack-pattern--2959d63f-73fd-46a1-abd2-109d7dcede32,VMR,Windows,
Fast Flux DNS,attack-pattern--29ba5a15-3b7b-4732-b817-65ea8f6468e6,VMR,Linux;macOS;Windows;ESXi,
System Checks,attack-pattern--29be378d-262d-4e99-b00d-852d573628e6,VMR,Linux;macOS;Windows,
Cron,attack-pattern--2acf44aa-542f-4366-b4eb-55ef5747759c,VMR,Linux;macOS;ESXi,
Domain Groups,attack-pattern--2aed01ad-3df3-4410-a8cb-11ea4ded587c,VMR,Linux;macOS;Windows,
Vulnerabilities,attack-pattern--2b5aa86b-a0df-4382-848d-30abea443327,VMR,PRE,
Clear Linux or Mac System Logs,attack-pattern--2bce5b30-7014-4a5d-ade7-12913fe6ac36,VMR,Linux;macOS,
Office Application Startup,attack-pattern--2c4d4e92-0ccf-4a97-b54c-86d662988a53,VMR,Windows;Office Suite,
InstallUtil,attack-pattern--2cd950a6-16c4-404a-aa01-044322395107,VMR,Windows,
Spearphishing Link,attack-pattern--2d3f5b3c-54ca-4f4d-bb1f-849346d31230,VMR,PRE,
Print Processors,attack-pattern--2de47683-f398-448f-b947-9abcc3e32fad,VMR,Windows,
Spearphishing Attachment,attack-pattern--2e34237d-8574-43f6-aace-ae2915de8597,VMR,Linux;macOS;Windows,
Stripped Payloads,attack-pattern--2f41939b-54c3-41d6-8f8b-35f1ec18ed97,VMR,macOS;Linux;Windows;Network Devices,
Component Object Model,attack-pattern--2f6b4ed7-fef1-44ba-bcb8-1b4beb610b64,VMR,Windows,
DLL,attack-pattern--2fee9321-3e71-4cf4-af24-d4d40d355b34,VMR,Windows,
Clipboard Data,attack-pattern--30973a08-aed9-4edf-8604-9084ce1b5c4f,VMR,Linux;macOS;Windows,
Proc Filesystem,attack-pattern--3120b9fa-23b8-4500-ae73-09494f607b7d,VMR,Linux,
Botnet,attack-pattern--31225cd3-cd46-4575-b287-c2c14011c074,VMR,PRE,
Password Managers,attack-pattern--315f51f0-6b03-4c1e-bfb2-84740afb8e21,VMR,Linux;macOS;Windows,
Gatekeeper Bypass,attack-pattern--31a0a2ac-c67c-4a7e-b9ed-6a96477d4e8e,VMR,macOS,
ESXi Administration Command,attack-pattern--31e5011f-090e-45be-9bb6-17a1c5e8219b,VMR,ESXi,
Drive-by Target,attack-pattern--31fe0ba2-62fd-4fd9-9293-4043d84f7fe9,VMR,PRE,
System Service Discovery,attack-pattern--322bad5a-1c49-4d23-ab79-76d641794afa,VMR,Linux;macOS;Windows,
Code Signing,attack-pattern--32901740-b42c-4fdd-bc02-345b5dc57082,VMR,macOS;Windows,
Runtime Data Manipulation,attack-pattern--32ad5c86-2bcf-47d8-8fdc-d7f3d79a7490,VMR,Linux;macOS;Windows,
Credentials in Registry,attack-pattern--341e222a-a6e3-4f6f-b69c-831d792b1580,VMR,Windows,
Network Share Discovery,attack-pattern--3489cfc5-640f-4bb3-a103-9137b97de79f,VMR,Linux;macOS;Windows,
Peripheral Device Discovery,attack-pattern--348f1eef-964b-4eb6-bb53-69b3dcb0c643,VMR,Linux;Windows;macOS,
Break Process Trees,attack-pattern--34a80bc4-80f2-46e6-94ff-f3265a4b657c,VMR,Linux;macOS,
Network Topology,attack-pattern--34ab90a3-05f6-4259-8f21-621081fdaba5,VMR,PRE,
Code Signing Certificates,attack-pattern--34b3f738-bd64-40e5-a112-29b0542bc8bf,VMR,PRE,
Windows File and Directory Permissions Modification,attack-pattern--34e793de-0274-4982-9c1a-246ed1c19dee,VMR,Windows,
Add-ins,attack-pattern--34f1d81d-fe88-4f97-bd3b-a3164536255d,VMR,Windows;Office Suite,
Transport Agent,attack-pattern--35187df2-31ed-43b6-a1f5-2f1d3d58d3f1,VMR,Linux;Windows,
Application Layer Protocol,attack-pattern--355be19c-ffc9-46d5-8d50-d6a036c675b6,VMR,Linux;macOS;Windows;Network Devices;ESXi,
AppDomainManager,attack-pattern--356662f7-e315-4759-86c9-6214e2a50ff8,VMR,Windows,
Scheduled Task/Job,attack-pattern--35dd844a-b219-4e2b-a6bb-efa9a75995a9,VMR,Windows;Linux;macOS;Containers;ESXi,
Msiexec,attack-pattern--365be77f-fc0e-42ee-bac8-4faf806d9336,VMR,Windows,
Network Trust Dependencies,attack-pattern--36aa137f-5166-41f8-b2f0-a4cfa1b4133e,VMR,PRE,
Password Filter DLL,attack-pattern--3731fbcd-0e43-47ae-ae6c-d15e510f0d42,VMR,Windows,
Terminal Services DLL,attack-pattern--379809f6-2fac-42c1-bd2e-e9dee70b27f8,VMR,Windows,
AppleScript,attack-pattern--37b11151-1776-4f8f-b328-30939fbf2ceb,VMR,macOS,
Software Extensions,attack-pattern--389735f1-f21c-4208-b8f0-f8031e7169b8,VMR,Linux;macOS;Windows,
Compromise Hardware Supply Chain,attack-pattern--39131305-9282-45e4-ac3b-591d2d4fc3ef,VMR,Linux;macOS;Windows,
Native API,attack-pattern--391d824f-0ef1-47a0-b0ee-c59a75e27670,VMR,Linux;macOS;Windows,
Ccache Files,attack-pattern--394220d9-8efc-4252-9040-664f7b115be6,VMR,Linux;macOS,
Clear Network Connection History and Configurations,attack-pattern--3975dbb5-0e1e-4f5b-bae1-cf2ab84b46dc,VMR,Linux;macOS;Windows;Network Devices,
AS-REP Roasting,attack-pattern--3986e7fd-a8e9-4ecb-bfc6-55920855912b,VMR,Windows,
Virtual Private Server,attack-pattern--39cc9f64-cf74-4a48-a4d8-fe98c54a02e0,VMR,PRE,
AutoHotKey & AutoIT,attack-pattern--3a32740a-11b0-4bcf-b0a9-3abd0f6d3cd5,VMR,Windows,
Reduce Key Space,attack-pattern--3a40f208-a9c1-4efa-a598-4003c3681fb8,VMR,Network Devices,
Clear Command History,attack-pattern--3aef9463-9a7a-43ba-8957-a867e07c1e6a,VMR,ESXi;Linux;macOS;Network Devices;Windows,
Indirect Command Execution,attack-pattern--3b0e52ce-517a-4614-a523-1bd5deef6c5e,VMR,Windows,
Data from Local System,attack-pattern--3c4a2599-71ee-4405-ba1e-0e28414b4bc5,VMR,ESXi;Linux;macOS;Network Devices;Windows,
Deobfuscate/Decode Files or Information,attack-pattern--3ccef7ae-cb5e-48f6-8302-897105fbf55c,VMR,ESXi;Linux;macOS;Windows,
Outlook Rules,attack-pattern--3d1b9d7e-3921-4d25-845a-7d9f15c0da44,VMR,Windows;Office Suite,
Cloud Accounts,attack-pattern--3d52e51e-f6db-4719-813c-48002a99f43a,VMR,PRE,
Email Accounts,attack-pattern--3dc8c101-d4db-4f4d-8150-1b5a76ca5f1b,VMR,PRE,
Additional Local or Domain Groups,attack-pattern--3e6831b2-bf4c-4ae6-b328-2e7c6633b291,VMR,Windows;macOS;Linux,
Upload Malware,attack-pattern--3ee16395-03f0-4690-a32e-69ce9ada0f9e,VMR,PRE,
Steal or Forge Kerberos Tickets,attack-pattern--3fc01293-ef5e-41c6-86ce-61f10706b64a,VMR,Windows;Linux;macOS,
Remote Access Tools,attack-pattern--4061e78c-1284-44b4-9116-73e4ac3912f7,VMR,Linux;macOS;Windows,
Domains,attack-pattern--40f5caa0-4cb7-4117-89fc-d421bb493df3,VMR,PRE,
Archive via Library,attack-pattern--41868330-6ee2-4d0f-b743-9f2294c3c9b6,VMR,Linux;macOS;Windows,
Thread Execution Hijacking,attack-pattern--41d9846c-f6af-4302-a654-24bba2729bc6,VMR,Windows,
Masquerading,attack-pattern--42e8de7b-37b2-4258-905a-6897815e58e0,VMR,Containers;ESXi;Linux;macOS;Windows,
Application Shimming,attack-pattern--42fe883a-21ea-4cfb-b94a-78b6476dcc83,VMR,Windows,
Port Monitors,attack-pattern--43881e51-ac74-445b-b4c6-f9f9e9bf23fe,VMR,Windows,
Clear Mailbox Data,attack-pattern--438c967d-3996-4870-bfc2-3954752a1927,VMR,Linux;macOS;Office Suite;Windows,
Login Hook,attack-pattern--43ba2b05-cf72-4b6c-8243-03a4aba41ee0,VMR,macOS,
Content Injection,attack-pattern--43c9bc06-715b-42db-972f-52d25c09a20c,VMR,Linux;macOS;Windows,
Process Injection,attack-pattern--43e7dc91-05b2-474c-b9ac-2ed4fe101f4d,VMR,Linux;macOS;Windows,
Traffic Signaling,attack-pattern--451a9977-d255-43c9-b431-66de80130c8c,VMR,Linux;macOS;Network Devices;Windows,
System Binary Proxy Execution,attack-pattern--457c7820-d331-465a-915e-42f85500ccc4,VMR,Windows;Linux;macOS,
Timestomp,attack-pattern--47f2d673-ca62-47e9-929b-1b0be9657611,VMR,ESXi;Linux;macOS;Windows,
Evil Twin,attack-pattern--48b836c6-e4ca-435a-82a3-29c03e5b492e,VMR,Network Devices,
Reflective Code Loading,attack-pattern--4933e63b-9b77-476e-ab29-761bc5b7d15a,VMR,Linux;macOS;Windows,
Wi-Fi Discovery,attack-pattern--494ab9f0-36e0-4b06-b10d-57285b040a06,VMR,Linux;Windows;macOS,
Mutual Exclusion,attack-pattern--49fca0d2-685d-41eb-8bd4-05451cc3a742,VMR,Linux;macOS;Windows,
Ignore Process Interrupts,attack-pattern--4a2975db-414e-4c0c-bd92-775987514b4b,VMR,Linux;macOS;Windows,
Escape to Host,attack-pattern--4a5b7ade-8bb5-4853-84ed-23f262002665,VMR,Windows;Linux;Containers;ESXi,
Backup Software Discovery,attack-pattern--4a6cfdae-1417-40c7-a84e-f59d21c58266,VMR,Windows;macOS;Linux,
Shortcut Modification,attack-pattern--4ab929c6-ee2d-4fb5-aab4-b14be2ed7179,VMR,Windows,
Application Window Discovery,attack-pattern--4ae4f953-fe58-4cc8-a327-33257e30a830,VMR,Linux;Windows;macOS,
Email Account,attack-pattern--4bc31b94-045b-4752-8920-aebaebdb6470,VMR,Windows;Office Suite,
Time Based Checks,attack-pattern--4bed873f-0b7d-41d4-b93a-b6905d1f90b0,VMR,Linux;macOS;Windows,
CMSTP,attack-pattern--4cbc6a62-9e34-4f94-8a19-5c1a11392a49,VMR,Windows,
Disable Windows Event Logging,attack-pattern--4eb28bed-d11a-4641-9863-c2ac017d910a,VMR,Windows,
Scheduled Transfer,attack-pattern--4eeaf8a9-c86b-4954-a663-9555fb406466,VMR,Linux;macOS;Windows,
Protocol Tunneling,attack-pattern--4fe28b27-b13c-453e-a386-c2ef362a573b,VMR,ESXi;Linux;macOS;Windows,
Control Panel,attack-pattern--4ff5d6a8-c062-4c68-a778-36fc5edd564f,VMR,Windows,
Network Address Translation Traversal,attack-pattern--4ffc1794-ec3b-45be-9e52-42dbcb2af2de,VMR,Network Devices,
Upload Tool,attack-pattern--506f6f49-7045-4156-9007-7474cb44ad6d,VMR,PRE,
Security Support Provider,attack-pattern--5095a853-299c-4876-abd7-ac0050fb5462,VMR,Windows,
Threat Intel Vendors,attack-pattern--51e54974-a541-4fb6-a61b-0518e4c6de41,VMR,PRE,
Exfiltration Over Other Network Medium,attack-pattern--51ea26b1-ff1e-4faa-b1a0-1114cd298c87,VMR,Linux;macOS;Windows,
Network Device Configuration Dump,attack-pattern--52759bf1-fe12-4052-ace6-c5b0cf7dd7fd,VMR,Network Devices,
Gather Victim Identity Information,attack-pattern--5282dd9a-d26d-4e16-88b7-7c0f4553daf4,VMR,PRE,
Disable or Modify System Firewall,attack-pattern--5372c5fe-f424-4def-bcd5-d3a8e770f07b,VMR,ESXi;Linux;macOS;Network Devices;Windows,
Archive Collected Data,attack-pattern--53ac20cd-aca3-406e-9aa0-9fc7fdc60a5a,VMR,Linux;macOS;Windows,
SIP and Trust Provider Hijacking,attack-pattern--543fceb5-cb92-40cb-aacf-6913d4db58bc,VMR,Windows,
Browser Session Hijacking,attack-pattern--544b0346-29ad-41e1-a808-501bb4193f47,VMR,Windows,
Mail Protocols,attack-pattern--54b4c251-1f0e-4eba-ba6b-dbc7a6f6f06b,VMR,Linux;macOS;Network Devices;Windows,
Vulnerability Scanning,attack-pattern--5502c4e9-24ef-4d5f-8ee9-9e906c2f82c4,VMR,PRE,
Search Open Technical Databases,attack-pattern--55fc4df0-b42c-479a-b860-7a6761bcaad0,VMR,PRE,
Electron Applications,attack-pattern--561ae9aa-c28a-4144-9eec-e7027a14c8c3,VMR,Linux;macOS;Windows,
Rogue Domain Controller,attack-pattern--564998d8-ab3e-4123-93fb-eccaa6b9714a,VMR,Windows,
Code Signing Policy Modification,attack-pattern--565275d5-fcc3-4b66-b4e7-928e4cac6b8c,VMR,Windows;macOS,
Modify Registry,attack-pattern--57340c81-c025-4189-8fa0-fc7ede51bae4,VMR,Windows,
Launch Daemon,attack-pattern--573ad264-1371-4ae0-8482-d2673b719dba,VMR,macOS,
Credentials from Web Browsers,attack-pattern--58a3e6aa-4453-4cc8-a51f-4befe80b31a8,VMR,Linux;macOS;Windows,
Path Interception by Search Order Hijacking,attack-pattern--58af3705-8740-4c68-9329-ec015a7013c2,VMR,Windows,
DHCP Spoofing,attack-pattern--59ff91cd-1430-4075-8563-e6f15f4f9ff5,VMR,Linux;Windows;macOS,
Binary Padding,attack-pattern--5bfccc3f-2326-4112-86cc-c1ece9d8a2b5,VMR,Linux;Windows;macOS,
Web Shell,attack-pattern--5d0d3609-d06d-49e1-b9c9-b544e0c618cb,VMR,Linux;macOS;Network Devices;Windows,
Group Policy Modification,attack-pattern--5d2be8b9-d24c-4e98-83bf-2f5f79477163,VMR,Windows,
Browser Information Discovery,attack-pattern--5e4a2073-9643-44cb-a0b5-e7f4048446c7,VMR,Linux;macOS;Windows,
Private Keys,attack-pattern--60b508a1-6a5e-46b1-821a-9f7b78752abf,VMR,Linux;macOS;Network Devices;Windows,
Server,attack-pattern--60c4b628-4807-4b0b-bbf5-fdac8643c337,VMR,PRE,
Exfiltration Over Bluetooth,attack-pattern--613d08bc-e8f4-4791-80b0-c8b974340dfd,VMR,Linux;macOS;Windows,
Time Providers,attack-pattern--61afc315-860c-4364-825d-0d62b2e91edc,VMR,Windows,
Trap,attack-pattern--63220765-d418-44de-8fae-694b3912317d,VMR,macOS;Linux,
Dynamic Linker Hijacking,attack-pattern--633a100c-b2c9-41bf-9be5-905c1b16c825,VMR,Linux;macOS,
Local Account,attack-pattern--635cbe30-392d-4e27-978e-66774357c762,VMR,Linux;macOS;Windows;Network Devices;Containers;ESXi,
Search Threat Vendor Data,attack-pattern--63b24abc-5702-4745-b1e4-ac70b20a43f2,VMR,PRE,
Input Injection,attack-pattern--63e3d25c-d57d-407d-8e6a-2cecd71f90be,VMR,Windows;macOS;Linux,
Communication Through Removable Media,attack-pattern--64196062-5210-42c3-9a02-563a0d1797ef,VMR,Linux;macOS;Windows,
Clear Windows Event Logs,attack-pattern--6495ae23-3ab4-43c5-a94f-5638a2c31fd2,VMR,Windows,
Email Accounts,attack-pattern--65013dd2-bc61-43e3-afb5-a14c4fa7437a,VMR,PRE,
LLMNR/NBT-NS Poisoning and SMB Relay,attack-pattern--650c784b-7504-4df7-ab2c-4ea882384d1e,VMR,Windows,
File and Directory Permissions Modification,attack-pattern--65917ae0-b854-4139-83fe-bf2441cf0196,VMR,ESXi;Linux;macOS;Windows,
LSASS Memory,attack-pattern--65f2d882-3f41-4d48-8a06-29af77ec9f90,VMR,Windows,
IDE Extensions,attack-pattern--66b34be7-6915-4b83-8d5a-b0f0592b5e41,VMR,Linux;macOS;Windows,
Active Scanning,attack-pattern--67073dde-d720-45ae-83da-b12d5e73ca3b,VMR,PRE,
Junk Code Insertion,attack-pattern--671cd17f-a765-48fd-adc4-dad1941b1ae3,VMR,Linux;macOS;Windows,
Create Process with Token,attack-pattern--677569f9-a8b0-459e-ab24-7f18091fa7bf,VMR,Windows,
Setuid and Setgid,attack-pattern--6831414d-bb70-42b7-8030-d4e06b2660c9,VMR,Linux;macOS,
Winlogon Helper DLL,attack-pattern--6836813e-8ec8-4375-b459-abb388cb1a35,VMR,Windows,
External Proxy,attack-pattern--69b8fd78-40e8-4600-ae4d-662c9d7afdb3,VMR,ESXi;Linux;Network Devices;Windows;macOS,
Web Portal Capture,attack-pattern--69e5226d-05dc-4f15-95d7-44f5ed78d06e,VMR,Linux;macOS;Windows,
Email Addresses,attack-pattern--69f897fd-12a9-4c89-ad6a-46d2f3c38262,VMR,PRE,
Spearphishing Voice,attack-pattern--6a5d222a-a7e0-4656-b110-782c33098289,VMR,PRE,
Cached Domain Credentials,attack-pattern--6add2ab5-2711-4e9d-87c8-7a0be8531530,VMR,Windows;Linux,
Virtual Machine Discovery,attack-pattern--6bc7f9aa-b91f-4b23-84b8-5e756eba68eb,VMR,ESXi;Linux;macOS;Windows,
Network Security Appliances,attack-pattern--6c2957f9-502a-478c-b1dd-d626c0659413,VMR,PRE,
Image File Execution Options Injection,attack-pattern--6d4a7fb3-5a24-42be-ae61-6728a2b581f6,VMR,Windows,
Odbcconf,attack-pattern--6e3bd510-6b33-41a4-af80-2d80f3ee0071,VMR,Windows,
Search Engines,attack-pattern--6e561441-8431-4773-a9b8-ccf28ef6a968,VMR,PRE,
Business Relationships,attack-pattern--6ee2dc99-91ad-4534-a7d8-a649358c331f,VMR,PRE,
Video Capture,attack-pattern--6faf650d-bf31-4eb4-802d-1000cf38efaf,VMR,Windows;macOS;Linux,
Process Doppelgänging,attack-pattern--7007935a-a8a7-4c0b-bd98-4e85be8ed197,VMR,Windows,
System Network Configuration Discovery,attack-pattern--707399d6-ab3e-4963-9315-d9d3818cd6a0,VMR,ESXi;Linux;macOS;Network Devices;Windows,
Code Repositories,attack-pattern--70910fbd-58dc-4c1c-8c48-814d11fcd022,VMR,PRE,
Executable Installer File Permissions Weakness,attack-pattern--70d81154-b187-45f9-8ec5-295d01255979,VMR,Windows,
Accessibility Features,attack-pattern--70e52b04-2a0c-4cea-9d18-7149f1df9dc5,VMR,Windows,
Proxy,attack-pattern--731f4f55-b6d0-41d1-a7a9-072a66389aea,VMR,ESXi;Linux;macOS;Network Devices;Windows,
Malicious Library,attack-pattern--73b24a10-6bf4-4af1-a81e-67b8bcb6c4e6,VMR,Linux;macOS;Windows,
Indicator Blocking,attack-pattern--74d2a63f-3c7b-4852-92da-02d8fbab16da,VMR,Windows;macOS;Linux;ESXi,
Domain Account,attack-pattern--7610cada-1499-41a4-b3dd-46467b68d177,VMR,Linux;macOS;Windows,
Extended Attributes,attack-pattern--762e6f29-a62f-4d96-91ed-d0073181431f,VMR,Linux;macOS,
Employee Names,attack-pattern--76551c52-b111-4884-bc47-ff3e728f0156,VMR,PRE,
Domain Trust Discovery,attack-pattern--767dbf9e-df3f-45cb-8998-4903ab5f80c0,VMR,Windows,
Golden Ticket,attack-pattern--768dce68-8d0d-477a-b01d-0eea98b963a1,VMR,Windows,
Automated Exfiltration,attack-pattern--774a3188-6ba9-4dc4-879d-d54ee48a5ce9,VMR,Linux;macOS;Network Devices;Windows,
Client Configurations,attack-pattern--774ad5bb-2366-4c13-a8a9-65e50b292e7c,VMR,PRE,
IDE Tunneling,attack-pattern--77e29a47-e263-4f11-8692-e5012f44dbac,VMR,Linux;macOS;Windows,
Right-to-Left Override,attack-pattern--77eae145-55db-4519-8ae5-77b0c7215d69,VMR,Linux;macOS;Windows,
Malware,attack-pattern--7807d3a4-a885-4639-a786-c1ed41484970,VMR,PRE,
SVG Smuggling,attack-pattern--78b9e70d-1605-459c-b23d-e3a25036968c,VMR,Linux;macOS;Windows,
Component Firmware,attack-pattern--791481f8-e96a-41be-b089-a088763083d4,VMR,Windows;Linux;macOS,
Indicator Removal,attack-pattern--799ace7f-e227-4411-baa0-8868704f2a69,VMR,Containers;ESXi;Linux;macOS;Network Devices;Office Suite;Windows,
Exfiltration Over Symmetric Encrypted Non-C2 Protocol,attack-pattern--79a4052e-1a89-4b09-aea6-51f1d11fe19c,VMR,Linux;macOS;Windows;ESXi,
Office Template Macros,attack-pattern--79a47ad0-fc3b-4821-9f01-a026b1ddba21,VMR,Windows;Office Suite,
Virtual Private Server,attack-pattern--79da0971-3147-4af6-a4f5-e8cd447cd795,VMR,PRE,
File and Directory Discovery,attack-pattern--7bc57495-ea59-4380-be31-a64af124ef18,VMR,ESXi;Linux;macOS;Network Devices;Windows,
Dynamic Resolution,attack-pattern--7bd9c723-2f78-4309-82c5-47cad406572b,VMR,Linux;macOS;Windows;ESXi,
Masquerade Task or Service,attack-pattern--7bdca9d5-d500-4d7d-8c52-5fd47baf4c0c,VMR,Linux;macOS;Windows,
Asynchronous Procedure Call,attack-pattern--7c0f17c9-1af6-4628-9cbd-9e45482dd605,VMR,Windows,
Plist File Modification,attack-pattern--7d20fff9-8751-404e-badd-ccd71bda0236,VMR,macOS,
JamPlus,attack-pattern--7d356151-a69d-404e-896b-71618952702a,VMR,Windows,
AppCert DLLs,attack-pattern--7d57b371-10c2-45e5-b3cc-83a8fb380e4c,VMR,Windows,
Email Forwarding Rule,attack-pattern--7d77a07d-02fe-4e88-8bd9-e9c008c01bf0,VMR,Linux;macOS;Office Suite;Windows,
Compromise Infrastructure,attack-pattern--7e3beebd-8bfe-4e7b-a892-e44ab06a75f9,VMR,PRE,
Mark-of-the-Web Bypass,attack-pattern--7e7c2fba-7cca-486c-9582-4c1bb2851961,VMR,Windows,
Disable Crypto Hardware,attack-pattern--7efba77e-3bc4-4ca5-8292-d8201dcd64b5,VMR,Network Devices,
Pre-OS Boot,attack-pattern--7f0ca133-88c4-40c6-a62f-b3083a7fbc2e,VMR,Linux;Network Devices;Windows;macOS,
Portable Executable Injection,attack-pattern--806a49c4-970d-43f9-9acc-ac0ee11e6662,VMR,Windows,
Verclsid,attack-pattern--808e6329-ca91-4b87-ac2d-8eadc5f8f327,VMR,Windows,
Compromise Accounts,attack-pattern--81033c3b-16a4-46e4-8fed-9b030dd03c4a,VMR,PRE,
Launchctl,attack-pattern--810aa4ad-61c9-49cb-993f-daa06199421d,VMR,macOS,
Botnet,attack-pattern--810d8072-afb6-4a56-9ee7-86379ac4a6f3,VMR,PRE,
Network Device CLI,attack-pattern--818302b2-d640-477b-bf88-873120ce85c4,VMR,Network Devices,
Shell History,attack-pattern--8187bd2a-866f-4457-9009-86b0ddedffa3,VMR,Linux;macOS;Windows,
Downgrade Attack,attack-pattern--824add00-99a1-4b15-9a2d-6c5683b7b497,VMR,Windows;Linux;macOS,
XPC Services,attack-pattern--8252f135-ed26-4ce1-ae61-f26e94429a19,VMR,macOS,
Virtualization/Sandbox Evasion,attack-pattern--82caa33e-d11a-433a-94ea-9b5a5fbef81d,VMR,Linux;macOS;Windows,
Web Service,attack-pattern--830c9528-df21-472c-8c14-a036bf17d665,VMR,ESXi;Linux;Windows;macOS,
DNS Calculation,attack-pattern--83a766f8-1501-4b3a-a2de-2e2849e8dfc1,VMR,Linux;macOS;Windows;ESXi,
Mshta,attack-pattern--840a987a-99bd-4a80-a5c9-0cb2baa6cade,VMR,Windows,
Login Items,attack-pattern--84601337-6a55-4ad7-9c35-79e0d1ea2ab3,VMR,macOS,
Stage Capabilities,attack-pattern--84771bc3-f6a0-403e-b144-01af70e5fda0,VMR,PRE,
Link Target,attack-pattern--84ae8255-b4f4-4237-b5c5-e717405a9701,VMR,PRE,
Multi-Stage Channels,attack-pattern--84e02621-8fdf-470f-bd58-993bb6a89d91,VMR,Linux;macOS;Windows;ESXi,
Execution Guardrails,attack-pattern--853c4192-4311-43e1-bfbb-b11b14911852,VMR,ESXi;Linux;macOS;Windows,
Token Impersonation/Theft,attack-pattern--86850eff-2729-40c3-b85e-c4af26da4a2d,VMR,Windows,
Exfiltration to Code Repository,attack-pattern--86a96bf6-cf8b-411c-aaeb-8959944d64f7,VMR,Linux;macOS;Windows;ESXi,
Port Knocking,attack-pattern--8868cb5b-d575-4a60-acb2-07d37389a2fd,VMR,Linux;macOS;Windows;Network Devices,
LNK Icon Smuggling,attack-pattern--887274fc-2d63-4bdc-82f3-fae56d1d5fdc,VMR,Windows,
Web Services,attack-pattern--88d31120-5bc7-4ce3-a9c0-7cf147be8e54,VMR,PRE,
Spearphishing Attachment,attack-pattern--8982a661-d84c-48c0-b4ec-1db29c6cf3bc,VMR,PRE,
Internal Defacement,attack-pattern--8c41090b-aa47-4331-986b-8c9a51a91103,VMR,ESXi;Linux;macOS;Windows,
Hidden Users,attack-pattern--8c4aef43-48d5-49aa-b2af-c0cd58d30c3d,VMR,macOS;Windows;Linux,
Make and Impersonate Token,attack-pattern--8cdeb020-e31e-4f88-a582-f53dcfbda819,VMR,Windows,
Group Policy Preferences,attack-pattern--8d7bd4f5-3a89-4453-9c82-2c8894d5655e,VMR,Windows,
Exfiltration Over Asymmetric Encrypted Non-C2 Protocol,attack-pattern--8e350c1d-ac79-4b5c-bd4e-7476d7e84ec5,VMR,Linux;macOS;Windows;ESXi,
Process Discovery,attack-pattern--8f4a33ec-8b1f-4b80-a2f6-642b2e479580,VMR,ESXi;Linux;macOS;Network Devices;Windows,
Impair Command History Logging,attack-pattern--8f504411-cb96-4dac-a537-8d2bb7679c59,VMR,ESXi;Linux;macOS;Network Devices;Windows,
Network Provider DLL,attack-pattern--90c4a591-d02d-490b-92aa-619d9701ac04,VMR,Windows,
Windows Management Instrumentation Event Subscription,attack-pattern--910906dd-8c0a-475a-9cc1-5e029e2fad58,VMR,Windows,
CDNs,attack-pattern--91177e6d-b616-4a03-ba4b-f3b32f7dda75,VMR,PRE,
User Activity Based Checks,attack-pattern--91541e7e-b969-40c6-bbd8-1b5352ec2938,VMR,Linux;Windows;macOS,
Cloud Accounts,attack-pattern--926d8cfd-1d0d-4da2-ab49-3ca10ec3f3b5,VMR,PRE,
Exfiltration Over C2 Channel,attack-pattern--92d7da27-2d91-488e-a00c-059dc162766d,VMR,ESXi;Linux;macOS;Windows,
Parent PID Spoofing,attack-pattern--93591901-3172-4e94-abf8-6034ab26f44a,VMR,Windows,
Gather Victim Org Information,attack-pattern--937e4772-8441-4e4a-8bf0-8d447d667e23,VMR,PRE,
Compromise Host Software Binary,attack-pattern--960c3c86-1480-4d72-b4e0-8c242e84a5c5,VMR,Linux;macOS;Windows;ESXi,
PowerShell,attack-pattern--970a3432-3237-47ad-bcca-7d8cbb217736,VMR,Windows,
Change Default File Association,attack-pattern--98034fef-d9fb-4667-8dc4-2eab6231724c,VMR,Windows,
VDSO Hijacking,attack-pattern--98be40f2-c86b-4ade-b6fc-4964932040e5,VMR,Linux,
File Transfer Protocols,attack-pattern--9a60a291-8960-4387-8a4a-2ab5c18bb50b,VMR,ESXi;Linux;macOS;Network Devices;Windows,
Selective Exclusion,attack-pattern--9b00925a-7c4b-4e53-bfc8-9a6a806fde03,VMR,Windows,
Emond,attack-pattern--9c45eaa3-8604-4780-8988-b5074dbb9ecd,VMR,macOS,
One-Way Communication,attack-pattern--9c99724c-a483-4d60-ad9d-7f004e42e8e8,VMR,Linux;macOS;Windows;ESXi,
Gather Victim Network Information,attack-pattern--9d48cab2-7929-4812-ad22-f536665f0109,VMR,PRE,
Services File Permissions Weakness,attack-pattern--9e8b28c9-35fe-48ac-a14d-e6cc032dcbcd,VMR,Windows,
Registry Run Keys / Startup Folder,attack-pattern--9efb1ea7-c37b-4595-9640-b7680cd84279,VMR,Windows,
Local Groups,attack-pattern--a01bf75f-00b2-4568-a58f-565ff9bf202b,VMR,Linux;macOS;Windows,
Search Open Websites/Domains,attack-pattern--a0e6614a-7740-4b24-bd65-f1bde09fc365,VMR,PRE,
Disable or Modify Network Device Firewall,attack-pattern--a0f84e1d-d25c-4dd1-bb26-3c0e68471530,VMR,Network Devices,
Kernel Modules and Extensions,attack-pattern--a1b52199-c8c5-438a-9ded-656f1d0888c6,VMR,macOS;Linux,
Delay Execution,attack-pattern--a1df809c-7d0e-459f-8fe5-25474bab770b,VMR,Linux;macOS;Windows,
GUI Input Capture,attack-pattern--a2029942-0a85-4947-b23c-ca434698171d,VMR,macOS;Windows;Linux,
Tool,attack-pattern--a2fdce72-04b2-409a-ac10-cc1695f4fce0,VMR,PRE,
Exfiltration over USB,attack-pattern--a3e1e6c5-9c74-4fc0-a16c-a9d228c17829,VMR,Linux;Windows;macOS,
KernelCallbackTable,attack-pattern--a4657bc9-d22f-47d2-a7b7-dd6ec33f3dde,VMR,Windows,
Search Closed Sources,attack-pattern--a51eb150-93b1-484b-a503-e51453b127a4,VMR,PRE,
ROMMONkit,attack-pattern--a6557c75-798f-42e4-be70-ab4502e0a3bc,VMR,Network Devices,
Compiled HTML File,attack-pattern--a6937325-9321-4e2e-bb2b-3ed2d40b2a9d,VMR,Windows,
Network Share Connection Removal,attack-pattern--a750a9f6-0bde-4bb3-9aae-1e2786e9780c,VMR,Windows,
Multi-hop Proxy,attack-pattern--a782ebe2-daba-42c7-bc82-e8e9d923162d,VMR,ESXi;Linux;macOS;Network Devices;Windows,
Unix Shell,attack-pattern--a9d4b653-6915-42af-98b2-5758c4ceee56,VMR,ESXi;Linux;macOS;Network Devices,
Outlook Forms,attack-pattern--a9e2cea0-c805-4bf8-9e31-f5f0513a3634,VMR,Windows;Office Suite,
Remote Access Hardware,attack-pattern--a9fb6b3f-4a3c-4703-a4f1-f55f83d1e017,VMR,Linux;macOS;Windows,
Data Manipulation,attack-pattern--ac9e6b22-11bf-45d7-9181-c1cb08360931,VMR,Linux;macOS;Windows,
Inter-Process Communication,attack-pattern--acd0ba37-7ba9-4cc5-ac61-796586cd856d,VMR,Linux;macOS;Windows,
Data Obfuscation,attack-pattern--ad255bfe-a9e6-4b52-a258-8d3462abe842,VMR,ESXi;Linux;macOS;Windows,
Data from Network Shared Drive,attack-pattern--ae676644-d2d2-41b7-af7e-9bed1b55898c,VMR,Linux;macOS;Windows,
Web Services,attack-pattern--ae797531-3219-49a4-bccf-324ad7a4c7b2,VMR,PRE,
Modify System Image,attack-pattern--ae7f3575-0a5e-427e-991b-fe03ad44c754,VMR,Network Devices,
Hijack Execution Flow,attack-pattern--aedfca76-3b30-4866-b2aa-0f1d7fd1e4b6,VMR,Linux;macOS;Windows,
Browser Fingerprint,attack-pattern--afac5dbc-4383-4fb6-9ba6-45b25d49e530,VMR,Linux;macOS;Windows,
Lua,attack-pattern--afddee82-3385-4682-ad90-eeced33f2d07,VMR,Linux;Network Devices;Windows;macOS,
Indicator Removal from Tools,attack-pattern--b0533c6e-8fea-4788-874f-b799cacc4b92,VMR,Linux;macOS;Windows,
Non-Standard Port,attack-pattern--b18eae87-b469-4e14-b454-b171b416bc18,VMR,ESXi;Linux;macOS;Windows,
Social Media Accounts,attack-pattern--b1ccd744-3f78-4a0e-9bb2-2002057f7928,VMR,PRE,
Process Hollowing,attack-pattern--b200542e-e877-4395-875b-cf1a44537ca4,VMR,Windows,
Exploitation for Privilege Escalation,attack-pattern--b21c3b2d-02e6-45b1-980b-e69051040839,VMR,Containers;Linux;macOS;Windows,
Resource Forking,attack-pattern--b22e5153-ac28-4cc6-865c-2054e36285cb,VMR,macOS,
Obfuscated Files or Information,attack-pattern--b3d682b6-98f2-4fb0-aa3b-b4df007ca70a,VMR,ESXi;Linux;macOS;Network Devices;Windows,
Remote Email Collection,attack-pattern--b4694861-542c-48ea-9eb1-10d356e7140a,VMR,Windows;Office Suite,
IIS Components,attack-pattern--b46a801b-fd98-491c-a25a-bca25d6e3001,VMR,Windows,
Invalid Code Signature,attack-pattern--b4b7458f-81f2-4d38-84be-1c5ba0167a52,VMR,Windows;macOS,
Run Virtual Instance,attack-pattern--b5327dd1-6bf9-4785-a199-25bcbd1f4a9d,VMR,Linux;macOS;Windows;ESXi,
Polymorphic Code,attack-pattern--b577dfc1-0177-4522-8d5a-782127c8592b,VMR,Windows;macOS;Linux,
Unix Shell Configuration Modification,attack-pattern--b63a34e8-0a61-4c97-a23b-bf8a2ed812e2,VMR,Linux;macOS,
Forced Authentication,attack-pattern--b77cf5f3-6060-475d-bd60-40ccbf28fdc2,VMR,Windows,
SID-History Injection,attack-pattern--b7dc639b-24cd-482d-a7f1-8897eda21023,VMR,Windows,
Network Boundary Bridging,attack-pattern--b8017880-4b1e-42de-ad10-ae7ac6705166,VMR,Network Devices,
Subvert Trust Controls,attack-pattern--b83e166d-13d7-4b52-8677-dff90c548fd7,VMR,Windows;macOS;Linux,
Elevated Execution with Prompt,attack-pattern--b84903f0-c7d5-435d-a69e-de47cc3578c0,VMR,macOS,
Firmware,attack-pattern--b85f6ce5-81e8-4f36-aff2-3df9d02a9c9d,VMR,PRE,
Encrypted Channel,attack-pattern--b8902400-e6c5-4ba2-95aa-2d35b442b118,VMR,ESXi;Linux;macOS;Network Devices;Windows,
Authentication Package,attack-pattern--b8cfed42-6a8a-4989-ad72-541af74475ec,VMR,Windows,
Regsvr32,attack-pattern--b97f1d35-4249-4486-a6b5-ee60ccf24fab,VMR,Windows,
Exfiltration to Text Storage Sites,attack-pattern--ba04e672-da86-4e69-aa15-0eca5db25f43,VMR,Linux;macOS;Windows;ESXi,
Software,attack-pattern--baf60e1a-afe5-4d31-830f-1b1ba2351884,VMR,PRE,
Input Capture,attack-pattern--bb5a00de-e086-4859-a231-fa793f6797e2,VMR,Linux;macOS;Network Devices;Windows,
Exploits,attack-pattern--bbc3cba7-84ae-410d-b18b-16750731dfa2,VMR,PRE,
Social Media,attack-pattern--bbe5b322-e2af-4a5e-9625-a4e62bf84ed3,VMR,PRE,
Component Object Model Hijacking,attack-pattern--bc0f5e80-91c0-4e04-9fbb-e4e332c85dae,VMR,Windows,
Credentials,attack-pattern--bc76d0a4-db11-4551-9ac4-01a469cfb161,VMR,PRE,
Compromise Software Supply Chain,attack-pattern--bd369cd9-abb8-41ce-b5bb-fff23ee86c00,VMR,Linux;Windows;macOS,
Rename Legitimate Utilities,attack-pattern--bd5b58a4-a52d-4a29-bc0d-3f1d3968eb6b,VMR,Linux;macOS;Windows,
Bidirectional Communication,attack-pattern--be055942-6e63-49d7-9fa1-9cb7d8a8f3f4,VMR,Linux;macOS;Windows;ESXi,
Exploitation for Client Execution,attack-pattern--be2dcee9-a7a7-4e38-afd6-21b31ecc3d63,VMR,Linux;macOS;Windows,
Wordlist Scanning,attack-pattern--bed04f7d-e48a-4e76-bd0f-4c57fe31fc46,VMR,PRE,
Email Bombing,attack-pattern--bed81616-3dde-4685-be6e-ba9820f9a7ed,VMR,Linux;Office Suite;Windows;macOS,
Spoof Security Alerting,attack-pattern--bef8aaee-961d-4359-a308-4c2182bcedff,VMR,Windows;macOS;Linux,
Outlook Home Page,attack-pattern--bf147104-abf9-4221-95d1-e81585859441,VMR,Windows;Office Suite,
Asymmetric Cryptography,attack-pattern--bf176076-b789-408e-8cba-7275e81c0ada,VMR,ESXi;Linux;macOS;Network Devices;Windows,
Exfiltration to Cloud Storage,attack-pattern--bf1b6176-597c-4600-bfcd-ac989670f96b,VMR,ESXi;Linux;macOS;Windows,
Path Interception by Unquoted Path,attack-pattern--bf96a5a3-3bce-43b7-8597-88545984c07b,VMR,Windows,
Install Digital Certificate,attack-pattern--c071d8c1-3b3a-4f22-9407-ca4e96921069,VMR,PRE,
Startup Items,attack-pattern--c0dfe7b0-b873-4618-9ff8-53e31f70907f,VMR,macOS,
System Language Discovery,attack-pattern--c1b68a96-3c48-49ea-a6c0-9b27359f9c19,VMR,Linux;macOS;Windows,
Non-Application Layer Protocol,attack-pattern--c21d5a77-d422-4a69-acd7-2c53c1faa34b,VMR,ESXi;Linux;macOS;Network Devices;Windows,
Steganography,attack-pattern--c2e147a9-d1a8-4074-811a-d8789202d916,VMR,Linux;macOS;Windows,
DNS Server,attack-pattern--c2f59d25-87fe-44aa-8f83-e8e59d077bf5,VMR,PRE,
Protocol or Service Impersonation,attack-pattern--c325b232-d5bc-4dde-a3ec-71f3db9e8adc,VMR,ESXi;Linux;macOS;Windows,
Query Registry,attack-pattern--c32f7008-9fea-41f7-8366-5eb9b74bd896,VMR,Windows,
Data Transfer Size Limits,attack-pattern--c3888c54-775d-4b2f-b759-75a2ececcbfd,VMR,Linux;macOS;Windows;ESXi,
Domain Accounts,attack-pattern--c3d4bdd9-2cfe-4a80-9d0c-07a29ecdce8f,VMR,ESXi;Linux;macOS;Windows,
Regsvcs/Regasm,attack-pattern--c48a67ee-b657-45c1-91bf-6cdbe27205f8,VMR,Windows,
Python Startup Hooks,attack-pattern--c5087385-9b7c-4488-9923-d9e370bf08df,VMR,Linux;macOS;Windows,
Install Root Certificate,attack-pattern--c615231b-f253-4f58-9d47-d5b4cbdb6839,VMR,Linux;macOS;Windows,
Network Logon Script,attack-pattern--c63a348e-ffc2-486a-b9d9-d7f11ec54d99,VMR,Windows,
Compile After Delivery,attack-pattern--c726e0a2-a57a-4b7b-a973-d0f013246617,VMR,Linux;macOS;Windows,
VBA Stomping,attack-pattern--c898c4b5-bf36-4e6e-a4ad-5b8c4c13e35b,VMR,Linux;Windows;macOS,
BITS Jobs,attack-pattern--c8e87b83-edbb-48d4-9295-4974897525b7,VMR,Windows,
MSBuild,attack-pattern--c92e3d68-2349-49e4-a341-7edca2deff96,VMR,Windows,
Domain Fronting,attack-pattern--ca9d3402-ada3-484d-876a-d717bd6e05f2,VMR,Linux;macOS;Windows;ESXi,
ARP Cache Poisoning,attack-pattern--cabe189c-a0e3-4965-a473-dcff00f17213,VMR,Linux;Windows;macOS,
Hidden Window,attack-pattern--cbb66055-0325-4111-aca0-40547b6ad5b0,VMR,Linux;macOS;Windows,
ClickOnce,attack-pattern--cc279e50-df85-4c8e-be80-6dc2eda8849c,VMR,Windows,
Python,attack-pattern--cc3502b5-30cc-4473-ad48-42d51a6ef6d1,VMR,ESXi;Linux;macOS;Windows,
Relocate Malware,attack-pattern--cc36eeae-2209-4e63-89d3-c97e19edf280,VMR,Linux;macOS;Windows;Network Devices,
Identify Roles,attack-pattern--cc723aff-ec88-40e3-a224-5af9fd983cc4,VMR,PRE,
Data Encoding,attack-pattern--cc7b8c4e-9be0-47ca-b0bb-83915ec3ee2f,VMR,Linux;macOS;Windows;ESXi,
AppInit DLLs,attack-pattern--cc89ecbd-3d33-4a41-bcca-001e702d18fd,VMR,Windows,
Phishing for Information,attack-pattern--cca0ccb6-a068-4574-a722-b1556f86833a,VMR,PRE,
Establish Accounts,attack-pattern--cdfc5f0a-9bb9-4352-b896-553cfa2d8fd8,VMR,PRE,
Obtain Capabilities,attack-pattern--ce0687a0-e692-4b77-964a-0784a8e54ff1,VMR,PRE,
Screensaver,attack-pattern--ce4b7013-640e-48a9-b501-d0025a95f4bf,VMR,Windows,
Transmitted Data Manipulation,attack-pattern--d0613359-5781-4fd2-b5be-c269270be1f6,VMR,Linux;macOS;Windows,
Launch Agent,attack-pattern--d10cbd34-42e3-45c0-84d2-535a09849584,VMR,macOS,
System Services,attack-pattern--d157f9d2-d09a-4efa-bb2a-64963f94e253,VMR,Windows;macOS;Linux,
Windows Command Shell,attack-pattern--d1fcf083-a721-4223-aedf-bf8960798d62,VMR,Windows,
Acquire Access,attack-pattern--d21bb61f-08ad-4dc1-b001-81ca6cb79954,VMR,PRE,
Patch System Image,attack-pattern--d245808a-7086-4310-984a-a84aaaa43f8f,VMR,Network Devices,
Silver Ticket,attack-pattern--d273434a-448e-4598-8e14-607f4a0d5e27,VMR,Windows,
Clear Persistence,attack-pattern--d2c4e5ea-dbdf-4113-805a-b1e2a337fb33,VMR,ESXi;Linux;Windows;macOS,
Hypervisor CLI,attack-pattern--d2d642da-61ff-4211-b4df-7923c9ca220c,VMR,ESXi,
Windows Credential Manager,attack-pattern--d336b553-5da9-46ca-98a8-0b23f49fb447,VMR,Windows,
Hardware Additions,attack-pattern--d40239b3-05ff-46d8-9bdd-b46d13463ef9,VMR,Windows;Linux;macOS,
Remote Desktop Software,attack-pattern--d4287702-e2f7-4946-bdfa-2c7f5aaa5032,VMR,Linux;macOS;Windows,
Server Software Component,attack-pattern--d456de47-a16f-4e46-8980-e67478a12dcb,VMR,Windows;Linux;macOS;Network Devices;ESXi,
Non-Standard Encoding,attack-pattern--d467bc38-284b-4a00-96ac-125f447799fc,VMR,ESXi;Linux;macOS;Windows,
Domain Controller Authentication,attack-pattern--d4b96d2c-1032-4b22-9235-2b5b649d0605,VMR,Windows,
HTML Smuggling,attack-pattern--d4dc46e3-5ba5-45b9-8204-010867cacfcb,VMR,Windows;Linux;macOS,
Reversible Encryption,attack-pattern--d50955c2-272d-4ac8-95da-10c29dda1c48,VMR,Windows,
Command Obfuscation,attack-pattern--d511a6f6-4a33-41d5-bc95-c343875d1377,VMR,Linux;macOS;Windows,
File Deletion,attack-pattern--d63a3fb8-9452-4e9d-a60a-54be68d5998c,VMR,ESXi;Linux;macOS;Windows,
Installer Packages,attack-pattern--da051493-ae9c-4b1b-9760-c009c46c9b56,VMR,Linux;Windows;macOS,
Scanning IP Blocks,attack-pattern--db8f5003-3b20-48f0-9b76-123e44208120,VMR,PRE,
Template Injection,attack-pattern--dc31fe1e-d722-49da-8f5f-92c7b5aff534,VMR,Windows,
RC Scripts,attack-pattern--dca670cf-eeec-438f-8185-fd959d9ef211,VMR,macOS;Linux;Network Devices;ESXi,
Access Token Manipulation,attack-pattern--dcaa092b-7de9-4a21-977f-7fcb77e89c48,VMR,Windows,
Multi-Factor Authentication Interception,attack-pattern--dd43c543-bb85-4a6f-aa6e-160d90d06a49,VMR,Linux;Windows;macOS,
Software Packing,attack-pattern--deb98323-e13f-4b0c-8d94-175379069062,VMR,Linux;macOS;Windows,
Serverless,attack-pattern--df1bc34d-1634-4c93-b89e-8120994fce77,VMR,PRE,
Web Protocols,attack-pattern--df8b2a25-8bdf-4856-953c-a04372b1c161,VMR,ESXi;Linux;macOS;Network Devices;Windows,
Visual Basic,attack-pattern--dfd7cc1d-e1d8-4394-a198-97c4cab8aa67,VMR,Linux;macOS;Windows,
Hidden File System,attack-pattern--dfebc3b7-d19d-450b-81c7-6dafe4184c04,VMR,Linux;macOS;Windows,
Exclusive Control,attack-pattern--dff263cc-328e-42b4-afbc-1fee8b6a8913,VMR,Linux;macOS;Windows,
Server,attack-pattern--e196b5c5-8118-4a1c-ab8a-936586ce3db5,VMR,PRE,
Email Spoofing,attack-pattern--e1c2db92-7ae3-4e6a-90b4-157c1c1565cb,VMR,Office Suite;Windows;macOS;Linux,
Malicious Copy and Paste,attack-pattern--e261a979-f354-41a8-963e-6cadac27c4bf,VMR,Linux;macOS;Windows,
Remote System Discovery,attack-pattern--e358d692-23c0-4a31-9eb6-ecc13a8d7735,VMR,ESXi;Linux;macOS;Network Devices;Windows,
Domain Properties,attack-pattern--e3b168bd-fcd7-439e-9382-2e6c2f63514d,VMR,PRE,
Thread Local Storage,attack-pattern--e49ee9d2-0d98-44ef-85e5-5d3100065744,VMR,Windows,
Debugger Evasion,attack-pattern--e4dc8c01-417f-458d-9ee0-bb0617c1b391,VMR,Linux;macOS;Windows,
Space after Filename,attack-pattern--e51137a5-1cdc-499e-911a-abaedaa5ac86,VMR,Linux;macOS,
Re-opened Applications,attack-pattern--e5cc9e7a-e61a-46a1-b869-55fb6eab058e,VMR,macOS,
SEO Poisoning,attack-pattern--e5d550f3-2202-4634-85f2-4a200a1d49b3,VMR,PRE,
Exfiltration Over Physical Medium,attack-pattern--e6415f09-df0e-48de-9aba-928c902b7549,VMR,Linux;macOS;Windows,
Ingress Tool Transfer,attack-pattern--e6919abc-99f9-4c6c-95a5-14761e7b2add,VMR,ESXi;Linux;macOS;Network Devices;Windows,
SyncAppvPublishingServer,attack-pattern--e6f19759-dde3-47fc-99cc-d9f5fa4ade60,VMR,Windows,
Additional Email Delegate Permissions,attack-pattern--e74de37c-a829-446c-937d-56a44f0e9306,VMR,Windows;Office Suite,
Code Signing Certificates,attack-pattern--e7cbc1de-1f79-48ee-abfd-da1241c65a15,VMR,PRE,
TCC Manipulation,attack-pattern--e8a0a025-3601-4755-abfb-8d08283329fb,VMR,macOS,
Power Settings,attack-pattern--ea071aa0-8f17-416f-ab0d-2bab7e79003d,VMR,Windows;Linux;macOS;Network Devices,
Dynamic API Resolution,attack-pattern--ea4c2f9c-9df1-477c-8c42-6da1118f2ac4,VMR,Windows,
Logon Script (Windows),attack-pattern--eb125d40-0b2d-41ac-a71a-3229241c2cd3,VMR,Windows,
ListPlanting,attack-pattern--eb2cb5cb-ae87-4de0-8c35-da2a17aafb99,VMR,Windows,
Hide Infrastructure,attack-pattern--eb897572-8979-4242-a089-56f294f4c91d,VMR,ESXi;Linux;Network Devices;Windows;macOS,
XSL Script Processing,attack-pattern--ebbe170d-aa74-4946-8511-9921243415a3,VMR,Windows,
Scan Databases,attack-pattern--ec4be82f-940c-4dcb-87fe-2bbdd17c692f,VMR,PRE,
Hidden Files and Directories,attack-pattern--ec8fc7e2-b356-455c-8db5-2e37be158e7d,VMR,Linux;Windows;macOS,
Determine Physical Locations,attack-pattern--ed730f20-0e44-48b9-85f8-0e2adeb76867,VMR,PRE,
Office Test,attack-pattern--ed7efd4d-ce28-4a19-a8e6-c58011eb2c7a,VMR,Windows;Office Suite,
Develop Capabilities,attack-pattern--edadea33-549c-4ed1-9783-8f5a5853cbdf,VMR,PRE,
NTDS,attack-pattern--edf91964-b26e-4b4a-9600-ccacd7d7df24,VMR,Windows,
SNMP (MIB Dump),attack-pattern--ee7ff928-801c-4f34-8a99-3df965e581a5,VMR,Network Devices,
Steganography,attack-pattern--eec23884-3fa1-4d8a-ac50-6f104d51e235,VMR,Linux;macOS;Windows;ESXi,
Malicious Link,attack-pattern--ef67e13e-5598-4adc-bdb2-998225874fa9,VMR,Linux;macOS;Windows,
LSASS Driver,attack-pattern--f0589bc3-a6ae-425a-a3d5-5659bfee07f4,VMR,Windows,
Service Execution,attack-pattern--f1951e8a-500e-4a26-8803-76d95c4554b4,VMR,Windows,
Environmental Keying,attack-pattern--f244b8dd-af6c-4391-a497-fc03627ce995,VMR,Linux;Windows;macOS,
Fallback Channels,attack-pattern--f24faf46-3b26-4dbb-98f2-63460498e433,VMR,Linux;Windows;macOS;ESXi,
NTFS File Attributes,attack-pattern--f2857333-11d4-45bf-b064-2c28d8525be5,VMR,Windows,
Kerberoasting,attack-pattern--f2877f7f-9a4c-4251-879f-1224e3006bee,VMR,Windows,
DCSync,attack-pattern--f303a39a-6255-4b89-aecc-18c4d8ca7163,VMR,Windows,
System Time Discovery,attack-pattern--f3c544dc-673c-4ef3-accb-53229f1ae077,VMR,ESXi;Linux;macOS;Network Devices;Windows,
At,attack-pattern--f3d95a1f-bba2-44ce-9af7-37866cd63fd0,VMR,Windows;Linux;macOS,
Dynamic-link Library Injection,attack-pattern--f4599aa0-4f85-4a32-80ea-fc39dc965945,VMR,Windows,
Exploits,attack-pattern--f4b843c1-7e92-4701-8fed-ce82f8be2636,VMR,PRE,
Udev Rules,attack-pattern--f4c3f644-ab33-433d-8648-75cc03a95792,VMR,Linux,
Credential API Hooking,attack-pattern--f5946b5e-9408-485f-a7f7-b5efc88909b6,VMR,Windows;Linux;macOS,
Firmware Corruption,attack-pattern--f5bb433e-bdf6-4781-84bc-35e97e43be89,VMR,Linux;macOS;Network Devices;Windows,
Netsh Helper DLL,attack-pattern--f63fe421-b1d1-45c0-b8a7-02cd16ff2bed,VMR,Windows,
Spearphishing via Service,attack-pattern--f6ad61ee-65f3-4bd0-a3f5-2f0accb36317,VMR,Linux;macOS;Windows,
Internal Proxy,attack-pattern--f6dacc85-b37d-458e-b58d-74fc4bbf5755,VMR,Linux;Network Devices;Windows;macOS;ESXi,
System Script Proxy Execution,attack-pattern--f6fe9070-7a65-49ea-ae72-76292f42cebe,VMR,Windows,
Dead Drop Resolver,attack-pattern--f7827069-0bf2-4764-af4f-23fae0d181b7,VMR,ESXi;Linux;macOS;Windows,
Junk Data,attack-pattern--f7c0689c-4dbd-489b-81be-7cb7c7079ade,VMR,ESXi;Linux;macOS;Windows,
Spearphishing Service,attack-pattern--f870408c-b1cd-49c7-a5c7-0ef0fc496cc6,VMR,PRE,
vSphere Installation Bundles,attack-pattern--f8ba7d61-11c5-4130-bafd-7c3ff5fbf4b5,VMR,ESXi,
Domains,attack-pattern--f9cc4d06-775f-4ee1-b401-4e2cc0da30ba,VMR,PRE,
SQL Stored Procedures,attack-pattern--f9e9365a-9ca2-4d9c-8e7c-050d73d1101a,VMR,Windows;Linux,
Network Device Authentication,attack-pattern--fa44a152-ac48-441e-a524-dd7b04b8adcd,VMR,Network Devices,
Disk Content Wipe,attack-pattern--fb640c43-aa6b-431e-a961-a279010424ac,VMR,Linux;Network Devices;Windows;macOS,
Exfiltration Over Unencrypted Non-C2 Protocol,attack-pattern--fb8d023d-45be-47e9-bc51-f56bcae6435b,VMR,ESXi;Linux;macOS;Network Devices;Windows,
Compression,attack-pattern--fbd91bfc-75c2-4f0c-8116-3b4e722906b3,VMR,Linux;Windows;macOS,
Dylib Hijacking,attack-pattern--fc742192-19e3-466c-9eb5-964a97b29490,VMR,macOS,
Downgrade System Image,attack-pattern--fc74ba38-dc98-461f-8611-b3dbf9978e3d,VMR,Network Devices,
Local Accounts,attack-pattern--fdc47f44-dd32-4b99-af5f-209f556f63c2,VMR,Linux;macOS;Windows;Containers;Network Devices;ESXi,
Wi-Fi Networks,attack-pattern--fde016f6-211a-41c8-a4ab-301f1e419c62,VMR,Linux;Network Devices;Windows;macOS,
Trusted Developer Utilities Proxy Execution,attack-pattern--ff25900d-76d5-449b-a351-8824e62fc81b,VMR,Windows,
System Shutdown/Reboot,attack-pattern--ff73aa03-0090-4464-83ac-f89e233c02bc,VMR,ESXi;Linux;macOS;Network Devices;Windows,
MMC,attack-pattern--ffbcfdb0-de22-4106-9ed3-fc23c8a01407,VMR,Windows,
Process Argument Spoofing,attack-pattern--ffe59ad3-ad9b-4b9f-b74f-5beb3c309dc1,VMR,Windows,
COR_PROFILER,attack-pattern--ffeb0780-356e-4261-b036-cfb6bd234335,VMR,Windows,
VNC,attack-pattern--01327cde-66c4-4123-bf34-5f258d59457b,ID,Linux;Windows;macOS,
Revert Cloud Instance,attack-pattern--0708ae90-d0eb-4938-9a76-d0fc94f6eec1,ID,IaaS,
Password Guessing,attack-pattern--09c4c11e-4fa1-4f8c-8dad-3cf8e69ad119,ID,Windows;SaaS;IaaS;Linux;macOS;Containers;Network Devices;Office Suite;Identity Provider;ESXi,
Direct Network Flood,attack-pattern--0bda01d5-4c1d-4062-8ee2-6872334383c3,ID,Windows;IaaS;Linux;macOS,
Modify Cloud Resource Hierarchy,attack-pattern--0ce73446-8722-4086-9d43-514f1d0f669e,ID,IaaS,
External Defacement,attack-pattern--0cfe31a7-81fc-472c-bc45-e2808d1066a3,ID,Windows;IaaS;Linux;macOS,
Lifecycle-Triggered Deletion,attack-pattern--1001e0d6-ee09-4dfc-aa90-e9320ffc8fe4,ID,IaaS,
Steal Web Session Cookie,attack-pattern--10ffac09-e42d-4f56-ab20-db94c67d76ff,ID,Linux;Office Suite;SaaS;Windows;macOS,
SMS Pumping,attack-pattern--130d4494-b2d6-4040-bcea-6e59f05222fe,ID,SaaS,
Modify Cloud Compute Infrastructure,attack-pattern--144e007b-e638-431d-a894-45d90c54ab90,ID,IaaS,
Permission Groups Discovery,attack-pattern--15dbf668-795c-41e6-8219-f0447c0e64ce,ID,Containers;IaaS;Identity Provider;Linux;macOS;Office Suite;SaaS;Windows,
Cloud Groups,attack-pattern--16e94db9-b5b1-4cd0-b851-f38fbd0a70f2,ID,SaaS;IaaS;Office Suite;Identity Provider,
Application Exhaustion Flood,attack-pattern--18cffc21-3260-437e-80e4-4ab8bf2ba5e9,ID,Windows;IaaS;Linux;macOS,
Cloud Instance Metadata API,attack-pattern--19bf235b-8620-4997-b5b4-94e0659ed7c3,ID,IaaS,
Password Cracking,attack-pattern--1d24cdee-9ea2-4189-b08e-af110bf2435d,ID,Linux;macOS;Windows;Network Devices;Office Suite;Identity Provider,
SAML Tokens,attack-pattern--1f9c2bae-b441-4f66-a8af-b65946ee72f2,ID,SaaS;Windows;IaaS;Office Suite;Identity Provider,
Service Stop,attack-pattern--20fb2507-d71c-455d-9b6d-6104461cf26b,ID,ESXi;IaaS;Linux;macOS;Windows,
Taint Shared Content,attack-pattern--246fd3c7-f5e3-466d-8787-4c13d9e3b61c,ID,Windows;SaaS;Linux;macOS;Office Suite,
Trust Modification,attack-pattern--24769ab5-14bd-4f4e-a752-cfb185da53ee,ID,Identity Provider;Windows,
Databases,attack-pattern--248d3fe1-7fe1-4d71-91c7-8bb7ef35cad3,ID,Linux;Windows;macOS;IaaS;SaaS,
Spearphishing Link,attack-pattern--2b742742-28c3-4e1b-bab7-8350d6300fa7,ID,Identity Provider;Linux;macOS;Office Suite;SaaS;Windows,
Application or System Exploitation,attack-pattern--2bee5ffb-7a7a-4119-b1f2-158151b19ac0,ID,Windows;IaaS;Linux;macOS,
SSH,attack-pattern--2db31dcd-54da-405d-acef-b9129b816ed6,ID,ESXi;Linux;macOS,
Additional Cloud Roles,attack-pattern--2dbbdcd5-92cf-44c0-aea2-fe24783a6bc3,ID,IaaS;Identity Provider;Office Suite;SaaS,
Automated Collection,attack-pattern--30208d3e-0d6b-43c8-883e-44462a514619,ID,IaaS;Linux;macOS;Office Suite;SaaS;Windows,
Network Sniffing,attack-pattern--3257eb21-f9a7-4430-8de1-d8b6e288f529,ID,Linux;macOS;Windows;Network Devices;IaaS,
Data from Cloud Storage,attack-pattern--3298ce88-1628-43b1-87d9-0b5336b193d7,ID,IaaS;Office Suite;SaaS,
System Information Discovery,attack-pattern--354a7f88-63fb-41b5-a801-ce3b377b36f1,ID,ESXi;IaaS;Linux;macOS;Network Devices;Windows,
Remote Data Staging,attack-pattern--359b00ad-9425-420b-bba5-6de8d600cbc0,ID,Windows;IaaS;Linux;macOS;ESXi,
Reflection Amplification,attack-pattern--36b2a1d7-e09e-49bf-b45e-477076c2ec01,ID,Windows;IaaS;Linux;macOS,
Service Exhaustion Flood,attack-pattern--38eb0c22-6caf-46ce-8869-5964bd735858,ID,Windows;IaaS;Linux;macOS,
Replication Through Removable Media,attack-pattern--3b744087-9945-4a6f-91e8-9dbceda417a4,ID,Windows,
Impair Defenses,attack-pattern--3d333250-30e4-4a82-9edc-756c68afc529,ID,Windows;IaaS;Linux;macOS;Containers;Network Devices;Identity Provider;Office Suite;ESXi,
Supply Chain Compromise,attack-pattern--3f18edba-28f4-4bb9-82c3-8aa60dcac5f7,ID,Linux;Windows;macOS;SaaS,
Exploit Public-Facing Application,attack-pattern--3f886f2a-874f-4333-b794-aa6075009b1c,ID,Containers;ESXi;IaaS;Linux;macOS;Network Devices;Windows,
Credentials from Password Stores,attack-pattern--3fc9b85a-2862-4363-a64d-d692e3ffbee0,ID,IaaS;Linux;macOS;Windows,
Exfiltration Over Web Service,attack-pattern--40597f16-0963-4249-bf4c-ac93b7fb9807,ID,ESXi;Linux;macOS;Office Suite;SaaS;Windows,
Unsecured Credentials,attack-pattern--435dfb86-2697-4867-85b5-2fef496c0517,ID,Windows;SaaS;IaaS;Linux;macOS;Containers;Network Devices;Office Suite;Identity Provider,
Exfiltration Over Webhook,attack-pattern--43f2776f-b4bd-4118-94b8-fee47e69676d,ID,Windows;macOS;Linux;SaaS;Office Suite;ESXi,
Direct Cloud VM Connections,attack-pattern--45241b9e-9bbc-4826-a2cc-78855e51ca09,ID,IaaS,
SSH Hijacking,attack-pattern--4d2a5b3e-340d-4600-9123-309dd63c9bf8,ID,Linux;macOS,
SMB/Windows Admin Shares,attack-pattern--4f9ca633-15c5-463c-9724-bdcd54fde541,ID,Windows,
Implant Internal Image,attack-pattern--4fd8a28b-4b3a-4cd6-a8cf-85ba5f824a7f,ID,IaaS;Containers,
Use Alternate Authentication Material,attack-pattern--51a14c76-dd3b-440b-9c20-2bf91d25a814,ID,Windows;SaaS;IaaS;Containers;Identity Provider;Office Suite;Linux,
Remote Services,attack-pattern--54a649ff-439a-41a4-9856-8d144a2551ba,ID,Linux;macOS;Windows;IaaS;ESXi,
Hybrid Identity,attack-pattern--54ca26f3-c172-4231-93e5-ccebcac2161f,ID,Windows;SaaS;IaaS;Office Suite;Identity Provider,
Cloud API,attack-pattern--55bb4471-ff1f-43b4-88c1-c9384ec47abf,ID,IaaS;Identity Provider;Office Suite;SaaS,
Cloud Infrastructure Discovery,attack-pattern--57a3d31a-d04f-4663-b2da-7df8ec3f8c9d,ID,IaaS,
Defacement,attack-pattern--5909f20f-3c39-4795-be06-ef1ea40d350b,ID,Windows;IaaS;Linux;macOS;ESXi,
Unused/Unsupported Cloud Regions,attack-pattern--59bd0dec-f8b2-4b9a-9141-37a1e6899761,ID,IaaS,
Remote Service Session Hijacking,attack-pattern--5b0ad6f8-6a16-4966-a4ef-d09ea6e2a9f5,ID,Linux;macOS;Windows,
Windows Remote Management,attack-pattern--60d0c01d-e2bf-49dd-a453-f8a9c9fa6f65,ID,Windows,
Default Accounts,attack-pattern--6151cbea-819b-455a-9fa6-99a1cc58797d,ID,Windows;SaaS;IaaS;Linux;macOS;Containers;Network Devices;Office Suite;Identity Provider;ESXi,
Abuse Elevation Control Mechanism,attack-pattern--67720091-eee3-4d2d-ae16-8264567f6f5b,ID,Linux;macOS;Windows;IaaS;Office Suite;Identity Provider,
Distributed Component Object Model,attack-pattern--68a0c5ed-bee2-4513-830d-5b0d650139bd,ID,Windows,
Password Spraying,attack-pattern--692074ae-bb62-4a5e-a735-02cb6bde458c,ID,Containers;ESXi;IaaS;Identity Provider;Linux;Network Devices;Office Suite;SaaS;Windows;macOS,
SSH Authorized Keys,attack-pattern--6b57dc31-b814-4a03-8706-28bc20d739c4,ID,Linux;macOS;IaaS;Network Devices;ESXi,
Temporary Elevated Cloud Access,attack-pattern--6fa224c7-5091-4595-bf15-3fc9fe2f2c7c,ID,IaaS;Office Suite;Identity Provider,
Delete Cloud Instance,attack-pattern--70857657-bd0b-4695-ad3e-b13f92cac1b4,ID,IaaS,
Bandwidth Hijacking,attack-pattern--718cb208-6446-4572-a2f0-9c799c60091e,ID,Linux;Windows;macOS;IaaS;Containers,
Account Discovery,attack-pattern--72b74d71-8169-42aa-92e0-e7b04b9f5a08,ID,ESXi;IaaS;Identity Provider;Linux;macOS;Office Suite;SaaS;Windows,
Command and Scripting Interpreter,attack-pattern--7385dfaf-6886-4229-9ecd-6fd678040830,ID,ESXi;IaaS;Identity Provider;Linux;macOS;Network Devices;Office Suite;Windows,
Poisoned Pipeline Execution,attack-pattern--7655ac3b-dfde-49c5-a967-242856174434,ID,SaaS,
Disable or Modify Cloud Firewall,attack-pattern--77532a55-c283-4cd2-bc5d-2d0b65e9d88c,ID,IaaS,
Confluence,attack-pattern--7ad38ef1-381a-406d-872a-38b136eb5ecc,ID,SaaS,
Pass the Ticket,attack-pattern--7b211ac6-c815-4189-93a9-ab415deca926,ID,Windows,
Traffic Duplication,attack-pattern--7c46b364-8496-4234-8a56-f7e6727e21e1,ID,Network Devices;IaaS,
Data Staged,attack-pattern--7dd95ff6-712e-4056-9626-312ea4ab4c5e,ID,Windows;IaaS;Linux;macOS;ESXi,
Steal or Forge Authentication Certificates,attack-pattern--7de1f7ac-5d0c-4c9c-8873-627202205331,ID,Windows;Linux;macOS;Identity Provider,
Device Registration,attack-pattern--7decb26c-715c-40cf-b7e0-026f7d7cc215,ID,Windows;Identity Provider,
System Network Connections Discovery,attack-pattern--7e150503-88e7-4861-866b-ff1ac82c4475,ID,Windows;IaaS;Linux;macOS;Network Devices;ESXi,
Credentials In Files,attack-pattern--837f9164-50af-4ac0-8219-379d8a74cefc,ID,Containers;IaaS;Linux;macOS;Windows,
Financial Theft,attack-pattern--851e071f-208d-4c79-adc6-5974c85c78f3,ID,Linux;macOS;Office Suite;SaaS;Windows,
Cloud Storage Object Discovery,attack-pattern--8565825b-21c8-4518-b75e-cbc4c717a156,ID,IaaS,
Web Cookies,attack-pattern--861b8fd2-57f3-4ee1-ab5d-c19c3b8c7a4a,ID,Linux;macOS;Windows;SaaS;IaaS,
Log Enumeration,attack-pattern--866d0d6d-02c6-42bd-aa2f-02907fdc0969,ID,ESXi;IaaS;Linux;macOS;Windows,
Cloud Services,attack-pattern--8861073d-d1b8-4941-82ce-dce621d398f0,ID,IaaS;Identity Provider;Office Suite;SaaS,
Steal Application Access Token,attack-pattern--890c9858-598c-401d-a4d5-c67ebcdd703a,ID,SaaS;Containers;IaaS;Office Suite;Identity Provider,
Additional Cloud Credentials,attack-pattern--8a2f40cf-8325-47f9-96e4-b1ca4c7389bd,ID,IaaS;Identity Provider;SaaS,
User Execution,attack-pattern--8c32eb4d-805f-4fc5-bf60-c4d476c131b5,ID,Linux;Windows;macOS;IaaS;Containers,
Cloud Account,attack-pattern--8f104855-e5b7-4077-b1f5-bc3103b41abe,ID,IaaS;Identity Provider;Office Suite;SaaS,
Cloud Service Hijacking,attack-pattern--924d273c-be0d-4d8d-af58-2dddb15ef1e2,ID,SaaS,
Software Deployment Tools,attack-pattern--92a78814-b191-47ca-909c-1ccfe3777414,ID,Linux;macOS;Network Devices;SaaS;Windows,
Forge Web Credentials,attack-pattern--94cb00a4-b295-4d06-aa2b-5653b9c1be9c,ID,SaaS;Windows;macOS;Linux;IaaS;Office Suite;Identity Provider,
Multi-Factor Authentication Request Generation,attack-pattern--954a1639-f2d6-407d-aef3-4917622ca493,ID,Windows;Linux;macOS;IaaS;SaaS;Office Suite;Identity Provider,
Chat Messages,attack-pattern--9664ad0e-789e-40ac-82e2-d7b17fbe8fb3,ID,SaaS;Office Suite,
Exploitation for Credential Access,attack-pattern--9c306d8d-cde7-4b4c-b6e8-d0bb16caca36,ID,Linux;Windows;macOS;Identity Provider,
Exploitation of Remote Services,attack-pattern--9db0cf3a-a3c9-4012-8268-123b9db6fd82,ID,Linux;Windows;macOS;ESXi,
Internal Spearphishing,attack-pattern--9e7452df-5144-4b6e-b04a-b66dd4016747,ID,Windows;macOS;Linux;SaaS;Office Suite,
Trusted Relationship,attack-pattern--9fa07bef-9c81-421e-a8e5-ad4366c5a925,ID,Windows;SaaS;IaaS;Linux;macOS;Identity Provider;Office Suite,
Cloud Account,attack-pattern--a009cb25-4801-4116-9105-80a91cf15c1b,ID,IaaS;SaaS;Office Suite;Identity Provider,
Account Manipulation,attack-pattern--a10641f4-87b4-45a3-a906-92a149cb2c27,ID,Containers;ESXi;IaaS;Identity Provider;Linux;macOS;Network Devices;Office Suite;SaaS;Windows,
Exfiltration Over Alternative Protocol,attack-pattern--a19e86f8-1c0a-4fea-8407-23b73d615776,ID,ESXi;IaaS;Linux;macOS;Network Devices;Office Suite;SaaS;Windows,
Phishing,attack-pattern--a62a8db3-f23a-4d8f-afd6-9dbc77e7813b,ID,Identity Provider;Linux;macOS;Office Suite;SaaS;Windows,
Compute Hijacking,attack-pattern--a718a0c8-5768-41a1-9958-a1cc3f995e99,ID,Windows;IaaS;Linux;macOS;Containers,
Brute Force,attack-pattern--a93494bb-4b80-4ea1-8695-3236a49916fd,ID,Containers;ESXi;IaaS;Identity Provider;Linux;macOS;Network Devices;Office Suite;SaaS;Windows,
Disable or Modify Tools,attack-pattern--ac08589e-ee59-4935-8667-d845e38fe579,ID,Containers;IaaS;Linux;macOS;Network Devices;Windows,
Malicious Image,attack-pattern--b0c74ef9-c61e-4986-88cb-78da98a355ec,ID,IaaS;Containers,
Valid Accounts,attack-pattern--b17a1a56-e99c-403c-8948-561df0cffe81,ID,Containers;ESXi;IaaS;Identity Provider;Linux;macOS;Network Devices;Office Suite;SaaS;Windows,
Account Access Removal,attack-pattern--b24e2a20-3b3d-4bf0-823b-1ed765398fb0,ID,Linux;macOS;Windows;SaaS;IaaS;Office Suite;ESXi,
Credential Stuffing,attack-pattern--b2d03cea-aec1-45ca-9744-9ee583c1e1cc,ID,Windows;SaaS;IaaS;Linux;macOS;Containers;Network Devices;Office Suite;Identity Provider;ESXi,
Multi-Factor Authentication,attack-pattern--b4409cd8-0da9-46e1-a401-a241afd4d1cc,ID,Windows;SaaS;IaaS;Linux;macOS;Office Suite;Identity Provider,
Password Policy Discovery,attack-pattern--b6075259-dba3-44e9-87c7-e954f37ec0d5,ID,Windows;Linux;macOS;IaaS;Network Devices;Identity Provider;SaaS;Office Suite,
Event Triggered Execution,attack-pattern--b6301b64-ef57-4cce-bb0b-77026f14a8db,ID,Linux;macOS;Windows;SaaS;IaaS;Office Suite,
Data Encrypted for Impact,attack-pattern--b80d107d-fa0d-4b60-9684-b0433e8bdba0,ID,ESXi;IaaS;Linux;macOS;Windows,
Spearphishing Voice,attack-pattern--bb5e59c4-abe7-40c7-8196-e373cb1e5974,ID,Linux;macOS;Windows;Identity Provider,
Customer Relationship Management Software,attack-pattern--bbfbb096-6561-4d7d-aa2c-a5ee8e44c696,ID,SaaS,
Lateral Tool Transfer,attack-pattern--bf90d72c-c00b-45e3-b3aa-68560560d4c5,ID,ESXi;Linux;macOS;Windows,
Cloud Application Integration,attack-pattern--c31aebd6-c9b5-420f-ba2a-5853bbf897fa,ID,Office Suite;SaaS,
Web Session Cookie,attack-pattern--c3c8c916-2f3c-4e71-94b2-240bdfc996f0,ID,SaaS;IaaS;Office Suite,
Endpoint Denial of Service,attack-pattern--c675646d-e204-4aa8-978d-e3d6d65885c4,ID,Windows;Linux;macOS;Containers;IaaS,
System Location Discovery,attack-pattern--c877e33f-1df6-40d6-b1e7-ce70f16f4979,ID,IaaS;Linux;macOS;Windows,
Impersonation,attack-pattern--c9e0c59e-162e-40a4-b8b1-78fab4329ada,ID,Linux;macOS;Office Suite;SaaS;Windows,
Modify Cloud Compute Configurations,attack-pattern--ca00366b-83a1-4c7b-a0ce-8ff950a7c87f,ID,IaaS,
Disable or Modify Cloud Logs,attack-pattern--cacc40da-4c9e-462c-80d5-fd70a178b12d,ID,IaaS;SaaS;Office Suite;Identity Provider,
Security Software Discovery,attack-pattern--cba37adb-d6fb-4610-b069-dd04c0643384,ID,IaaS;Linux;macOS;Windows,
Resource Hijacking,attack-pattern--cd25c1b4-935c-4f0e-ba8d-552f28bc4783,ID,Windows;IaaS;Linux;macOS;Containers;SaaS,
Conditional Access Policies,attack-pattern--ceaeb6d8-95ee-4da2-9d42-dc6aa6ca43ae,ID,IaaS;Identity Provider,
Create Cloud Instance,attack-pattern--cf1c2504-433f-4c4e-a1f8-91de45a0318c,ID,IaaS,
Cloud Secrets Management Stores,attack-pattern--cfb525cc-5494-401d-a82b-2539ca46a561,ID,IaaS,
Code Repositories,attack-pattern--cff94884-3b1c-4987-a70b-6d5643c621c3,ID,SaaS,
Data from Information Repositories,attack-pattern--d28ef391-8ed4-45dc-bc4a-2f43abf54416,ID,Linux;Windows;macOS;SaaS;IaaS;Office Suite,
Masquerade Account Name,attack-pattern--d349c66e-18e1-4d8b-a2d7-65af7cbd2ba0,ID,Linux;macOS;Windows;SaaS;IaaS;Containers;Office Suite;Identity Provider,
Data Destruction,attack-pattern--d45a3d09-b3cf-48f4-9f0f-f521ee5cb05c,ID,Containers;ESXi;IaaS;Linux;macOS;Windows,
Transfer Data to Cloud Account,attack-pattern--d4bdbdea-eaec-4071-b4f9-5105e12ea4b6,ID,IaaS;Office Suite;SaaS,
Drive-by Compromise,attack-pattern--d742a578-d70e-4d0e-96a6-02a9c30204e6,ID,Identity Provider;Linux;macOS;Windows,
Network Denial of Service,attack-pattern--d74c4a7e-ffbf-432f-9365-7ebf1f787cab,ID,Windows;IaaS;Linux;macOS;Containers,
Cloud Administration Command,attack-pattern--d94b3ae9-8059-4989-8e9f-ea0f601f80a7,ID,IaaS,
RDP Hijacking,attack-pattern--e0033c16-a07e-48aa-8204-7c3ca669998c,ID,Windows,
Create Account,attack-pattern--e01be9c5-e763-4caf-aeb7-000b416aef67,ID,Windows;IaaS;Linux;macOS;Network Devices;Containers;SaaS;Office Suite;Identity Provider;ESXi,
Cloud Service Discovery,attack-pattern--e24fcba8-2557-4442-a139-1ee2f2e784db,ID,IaaS;Identity Provider;Office Suite;SaaS,
Network Service Discovery,attack-pattern--e3a12395-188d-4051-9a16-ea8e14d07b88,ID,Containers;IaaS;Linux;macOS;Network Devices;Windows,
Software Discovery,attack-pattern--e3b6daca-e963-4a69-aee6-ed4fd653ad58,ID,ESXi;IaaS;Linux;macOS;Windows,
Cloud Service Dashboard,attack-pattern--e49920b0-6c54-40c1-9571-73723653205f,ID,IaaS;SaaS;Office Suite;Identity Provider,
Pass the Hash,attack-pattern--e624264c-033a-424d-9fd7-fc9c3bbdb03e,ID,Windows,
Serverless Execution,attack-pattern--e848506b-8484-4410-8017-3d235a52f5b3,ID,SaaS;IaaS;Office Suite,
Remote Desktop Protocol,attack-pattern--eb062747-2193-45de-8fa2-e62549c37ddf,ID,Windows,
Domain or Tenant Policy Modification,attack-pattern--ebb42bbe-62d7-47d7-a55f-3b08b61d792d,ID,Windows;Identity Provider,
Create Snapshot,attack-pattern--ed2e45f9-d338-4eb2-8ce5-3a2e03323bc1,ID,IaaS,
Application Access Token,attack-pattern--f005e783-57d4-4837-88ad-dbe7faee1c51,ID,SaaS;Containers;IaaS;Office Suite;Identity Provider,
Cloud Accounts,attack-pattern--f232fa7a-025c-4d43-abc7-318e81a73d65,ID,IaaS;Identity Provider;Office Suite;SaaS,
Local Storage Discovery,attack-pattern--f2514ae4-4e9b-4f26-a5ba-c4ae85fe93c3,ID,ESXi;IaaS;Linux;macOS;Windows,
Modify Authentication Process,attack-pattern--f4c1826f-a322-41cd-9557-562100848c84,ID,Windows;Linux;macOS;Network Devices;IaaS;SaaS;Office Suite;Identity Provider,
Inhibit System Recovery,attack-pattern--f5d8eed6-48a9-4cdf-a3d7-d1ffa99c3d2a,ID,Containers;ESXi;IaaS;Linux;macOS;Network Devices;Windows,
Messaging Applications,attack-pattern--fb75213f-cfb0-40bf-a02f-3bad93d6601e,ID,SaaS;Office Suite,
Exploitation for Defense Evasion,attack-pattern--fe926152-f431-4baf-956c-4ad3cb0bf23b,ID,Linux;Windows;macOS;SaaS;IaaS,
